{"cameraMode":{"drawMode":0,"name":"Shaded","section":"Shading Mode"},"sceneLighting":false,"audioPlay":false,"sceneViewState":{"showFog":false,"showMaterialUpdate":false,"showSkybox":false,"showFlares":false,"showImageEffects":false,"showParticleSystems":false},"in2DMode":false,"pivot":{"x":-1.7944954633712769,"y":0.23759037256240846,"z":7.099361419677734},"rotation":{"x":0.034130699932575229,"y":-0.9562854170799255,"z":0.26250937581062319,"w":0.12433185428380966},"size":0.5576905012130737,"orthographic":false}